{
  "VVVLoose": 0.2599605,
  "VVLoose": 0.4249705,
  "VLoose": 0.5983682,
  "Loose": 0.7848675,
  "Medium": 0.8834768,
  "Tight": 0.9308689,
  "VTight": 0.9573137,
  "VVTight": 0.9733927
}
